full_model_name,msrp,object_type,object_name,object_texture
MAPLE PLYWOOD BOX-2DB24,"$1,068.12",box,2DB24,MAPLE PLYWOOD BOX
MAPLE PLYWOOD BOX-2DB27,"$1,127.23",box,2DB27,MAPLE PLYWOOD BOX
MAPLE PLYWOOD BOX-2DB30,"$1,197.38",box,2DB30,MAPLE PLYWOOD BOX
MAPLE PLYWOOD BOX-2DB36,"$1,315.72",box,2DB36,MAPLE PLYWOOD BOX
MAPLE PLYWOOD BOX-3DB12,$995.44,box,3DB12,MAPLE PLYWOOD BOX
MAPLE PLYWOOD BOX-3DB15,"$1,065.48",box,3DB15,MAPLE PLYWOOD BOX
MAPLE PLYWOOD BOX-3DB18,"$1,135.40",box,3DB18,MAPLE PLYWOOD BOX
MAPLE PLYWOOD BOX-3DB21,"$1,205.32",box,3DB21,MAPLE PLYWOOD BOX
MAPLE PLYWOOD BOX-3DB24,"$1,275.35",box,3DB24,MAPLE PLYWOOD BOX
MAPLE PLYWOOD BOX-3DB27,"$1,345.16",box,3DB27,MAPLE PLYWOOD BOX
MAPLE PLYWOOD BOX-3DB30,"$1,431.75",box,3DB30,MAPLE PLYWOOD BOX
MAPLE PLYWOOD BOX-3DB36,"$1,571.59",box,3DB36,MAPLE PLYWOOD BOX
MAPLE PLYWOOD BOX-B09FD,$426.65,box,B09FD,MAPLE PLYWOOD BOX
MAPLE PLYWOOD BOX-B12,$629.17,box,B12,MAPLE PLYWOOD BOX
MAPLE PLYWOOD BOX-B12FD,$629.17,box,B12FD,MAPLE PLYWOOD BOX
MAPLE PLYWOOD BOX-B15,$680.00,box,B15,MAPLE PLYWOOD BOX
MAPLE PLYWOOD BOX-B15FD,$680.00,box,B15FD,MAPLE PLYWOOD BOX
MAPLE PLYWOOD BOX-B18,$730.83,box,B18,MAPLE PLYWOOD BOX
MAPLE PLYWOOD BOX-B18FD,$730.83,box,B18FD,MAPLE PLYWOOD BOX
MAPLE PLYWOOD BOX-B21,$781.66,box,B21,MAPLE PLYWOOD BOX
MAPLE PLYWOOD BOX-B21FD,$781.66,box,B21FD,MAPLE PLYWOOD BOX
MAPLE PLYWOOD BOX-B24,$850.66,box,B24,MAPLE PLYWOOD BOX
MAPLE PLYWOOD BOX-B24FD,$850.66,box,B24FD,MAPLE PLYWOOD BOX
MAPLE PLYWOOD BOX-B27,$901.37,box,B27,MAPLE PLYWOOD BOX
MAPLE PLYWOOD BOX-B27FD,$901.37,box,B27FD,MAPLE PLYWOOD BOX
MAPLE PLYWOOD BOX-B30,$957.84,box,B30,MAPLE PLYWOOD BOX
MAPLE PLYWOOD BOX-B30FD,$957.84,box,B30FD,MAPLE PLYWOOD BOX
MAPLE PLYWOOD BOX-B33,"$1,008.55",box,B33,MAPLE PLYWOOD BOX
MAPLE PLYWOOD BOX-B33FD,"$1,008.55",box,B33FD,MAPLE PLYWOOD BOX
MAPLE PLYWOOD BOX-B36,"$1,059.27",box,B36,MAPLE PLYWOOD BOX
MAPLE PLYWOOD BOX-B36FD,"$1,059.27",box,B36FD,MAPLE PLYWOOD BOX
MAPLE PLYWOOD BOX-BBC36-42FD,$776.48,box,BBC36-42FD,MAPLE PLYWOOD BOX
MAPLE PLYWOOD BOX-BBC42-45FD,$853.30,box,BBC42-45FD,MAPLE PLYWOOD BOX
MAPLE PLYWOOD BOX-BLS33,"$1,755.59",box,BLS33,MAPLE PLYWOOD BOX
MAPLE PLYWOOD BOX-BLS36,"$1,903.48",box,BLS36,MAPLE PLYWOOD BOX
MAPLE PLYWOOD BOX-BSR06,$710.93,box,BSR06,MAPLE PLYWOOD BOX
MAPLE PLYWOOD BOX-BSR09,$738.99,box,BSR09,MAPLE PLYWOOD BOX
MAPLE PLYWOOD BOX-BSR12,$766.94,box,BSR12,MAPLE PLYWOOD BOX
MAPLE PLYWOOD BOX-BTC18,"$1,180.48",box,BTC18,MAPLE PLYWOOD BOX
MAPLE PLYWOOD BOX-FSB36,$629.97,box,FSB36,MAPLE PLYWOOD BOX
MAPLE PLYWOOD BOX-FVDB12,$0.00,box,FVDB12,MAPLE PLYWOOD BOX
MAPLE PLYWOOD BOX-FVDB15,$0.00,box,FVDB15,MAPLE PLYWOOD BOX
MAPLE PLYWOOD BOX-FVDB18,$0.00,box,FVDB18,MAPLE PLYWOOD BOX
MAPLE PLYWOOD BOX-FVDB21,$0.00,box,FVDB21,MAPLE PLYWOOD BOX
MAPLE PLYWOOD BOX-FVDB24,$0.00,box,FVDB24,MAPLE PLYWOOD BOX
MAPLE PLYWOOD BOX-FVDB30,$0.00,box,FVDB30,MAPLE PLYWOOD BOX
MAPLE PLYWOOD BOX-FVDB36,$0.00,box,FVDB36,MAPLE PLYWOOD BOX
MAPLE PLYWOOD BOX-FVSB24,$0.00,box,FVSB24,MAPLE PLYWOOD BOX
MAPLE PLYWOOD BOX-FVSB30,$0.00,box,FVSB30,MAPLE PLYWOOD BOX
MAPLE PLYWOOD BOX-FVSB36,$0.00,box,FVSB36,MAPLE PLYWOOD BOX
MAPLE PLYWOOD BOX-MB30,$988.08,box,MB30,MAPLE PLYWOOD BOX
MAPLE PLYWOOD BOX-MOC3084,"$2,044.82",box,MOC3084,MAPLE PLYWOOD BOX
MAPLE PLYWOOD BOX-MOC3090,"$2,104.62",box,MOC3090,MAPLE PLYWOOD BOX
MAPLE PLYWOOD BOX-MOC3096,"$2,164.30",box,MOC3096,MAPLE PLYWOOD BOX
MAPLE PLYWOOD BOX-PC1584,"$1,213.83",box,PC1584,MAPLE PLYWOOD BOX
MAPLE PLYWOOD BOX-PC1590,"$1,270.06",box,PC1590,MAPLE PLYWOOD BOX
MAPLE PLYWOOD BOX-PC1596,"$1,326.41",box,PC1596,MAPLE PLYWOOD BOX
MAPLE PLYWOOD BOX-PC1884,"$1,307.09",box,PC1884,MAPLE PLYWOOD BOX
MAPLE PLYWOOD BOX-PC1890,"$1,364.25",box,PC1890,MAPLE PLYWOOD BOX
MAPLE PLYWOOD BOX-PC1896,"$1,421.29",box,PC1896,MAPLE PLYWOOD BOX
MAPLE PLYWOOD BOX-PC2484,"$1,539.39",box,PC2484,MAPLE PLYWOOD BOX
MAPLE PLYWOOD BOX-PC2490,"$1,597.81",box,PC2490,MAPLE PLYWOOD BOX
MAPLE PLYWOOD BOX-PC2496,"$1,656.12",box,PC2496,MAPLE PLYWOOD BOX
MAPLE PLYWOOD BOX-PC3084,"$1,726.27",box,PC3084,MAPLE PLYWOOD BOX
MAPLE PLYWOOD BOX-PC3090,"$1,786.07",box,PC3090,MAPLE PLYWOOD BOX
MAPLE PLYWOOD BOX-PC3096,"$1,845.87",box,PC3096,MAPLE PLYWOOD BOX
MAPLE PLYWOOD BOX-ROT15,$150.19,box,ROT15,MAPLE PLYWOOD BOX
MAPLE PLYWOOD BOX-ROT18,$161.00,box,ROT18,MAPLE PLYWOOD BOX
MAPLE PLYWOOD BOX-ROT21,$171.70,box,ROT21,MAPLE PLYWOOD BOX
MAPLE PLYWOOD BOX-ROT24,$182.62,box,ROT24,MAPLE PLYWOOD BOX
MAPLE PLYWOOD BOX-ROT27,$193.32,box,ROT27,MAPLE PLYWOOD BOX
MAPLE PLYWOOD BOX-ROT30,$209.76,box,ROT30,MAPLE PLYWOOD BOX
MAPLE PLYWOOD BOX-ROT33,$220.57,box,ROT33,MAPLE PLYWOOD BOX
MAPLE PLYWOOD BOX-ROT36,$231.27,box,ROT36,MAPLE PLYWOOD BOX
MAPLE PLYWOOD BOX-SB30,$580.18,box,SB30,MAPLE PLYWOOD BOX
MAPLE PLYWOOD BOX-SB33,$605.13,box,SB33,MAPLE PLYWOOD BOX
MAPLE PLYWOOD BOX-SB36,$629.97,box,SB36,MAPLE PLYWOOD BOX
MAPLE PLYWOOD BOX-SB42,$679.88,box,SB42,MAPLE PLYWOOD BOX
MAPLE PLYWOOD BOX-VDB12-3,$929.43,box,VDB12-3,MAPLE PLYWOOD BOX
MAPLE PLYWOOD BOX-VDB15-3,$995.90,box,VDB15-3,MAPLE PLYWOOD BOX
MAPLE PLYWOOD BOX-VDB18-3,"$1,062.26",box,VDB18-3,MAPLE PLYWOOD BOX
MAPLE PLYWOOD BOX-VDB21-3,"$1,128.61",box,VDB21-3,MAPLE PLYWOOD BOX
MAPLE PLYWOOD BOX-VDK24,$413.00,box,VDK24,MAPLE PLYWOOD BOX
MAPLE PLYWOOD BOX-VDK30,$457.00,box,VDK30,MAPLE PLYWOOD BOX
MAPLE PLYWOOD BOX-VSB24,$479.55,box,VSB24,MAPLE PLYWOOD BOX
MAPLE PLYWOOD BOX-VSB27,$502.78,box,VSB27,MAPLE PLYWOOD BOX
MAPLE PLYWOOD BOX-VSB30,$526.01,box,VSB30,MAPLE PLYWOOD BOX
MAPLE PLYWOOD BOX-VSB36,$572.47,box,VSB36,MAPLE PLYWOOD BOX
MAPLE PLYWOOD BOX-W0930,$248.29,box,W0930,MAPLE PLYWOOD BOX
MAPLE PLYWOOD BOX-W0936,$283.02,box,W0936,MAPLE PLYWOOD BOX
MAPLE PLYWOOD BOX-W0942,$338.91,box,W0942,MAPLE PLYWOOD BOX
MAPLE PLYWOOD BOX-W1230,$282.21,box,W1230,MAPLE PLYWOOD BOX
MAPLE PLYWOOD BOX-W1236,$319.36,box,W1236,MAPLE PLYWOOD BOX
MAPLE PLYWOOD BOX-W1242,$382.49,box,W1242,MAPLE PLYWOOD BOX
MAPLE PLYWOOD BOX-W1530,$316.14,box,W1530,MAPLE PLYWOOD BOX
MAPLE PLYWOOD BOX-W1536,$355.70,box,W1536,MAPLE PLYWOOD BOX
MAPLE PLYWOOD BOX-W1542,$425.96,box,W1542,MAPLE PLYWOOD BOX
MAPLE PLYWOOD BOX-W1830,$350.18,box,W1830,MAPLE PLYWOOD BOX
MAPLE PLYWOOD BOX-W1836,$391.92,box,W1836,MAPLE PLYWOOD BOX
MAPLE PLYWOOD BOX-W1842,$469.32,box,W1842,MAPLE PLYWOOD BOX
MAPLE PLYWOOD BOX-W2130,$384.10,box,W2130,MAPLE PLYWOOD BOX
MAPLE PLYWOOD BOX-W2136,$428.38,box,W2136,MAPLE PLYWOOD BOX
MAPLE PLYWOOD BOX-W2142,$512.90,box,W2142,MAPLE PLYWOOD BOX
MAPLE PLYWOOD BOX-W2430,$436.20,box,W2430,MAPLE PLYWOOD BOX
MAPLE PLYWOOD BOX-W2436,$482.77,box,W2436,MAPLE PLYWOOD BOX
MAPLE PLYWOOD BOX-W2442,$583.51,box,W2442,MAPLE PLYWOOD BOX
MAPLE PLYWOOD BOX-W2730,$470.24,box,W2730,MAPLE PLYWOOD BOX
MAPLE PLYWOOD BOX-W2736,$519.00,box,W2736,MAPLE PLYWOOD BOX
MAPLE PLYWOOD BOX-W2742,$626.98,box,W2742,MAPLE PLYWOOD BOX
MAPLE PLYWOOD BOX-W3012,$274.85,box,W3012,MAPLE PLYWOOD BOX
MAPLE PLYWOOD BOX-W301224,$439.76,box,W301224,MAPLE PLYWOOD BOX
MAPLE PLYWOOD BOX-W3015,$292.33,box,W3015,MAPLE PLYWOOD BOX
MAPLE PLYWOOD BOX-W301524,$469.66,box,W301524,MAPLE PLYWOOD BOX
MAPLE PLYWOOD BOX-W3018,$310.16,box,W3018,MAPLE PLYWOOD BOX
MAPLE PLYWOOD BOX-W301824,$499.56,box,W301824,MAPLE PLYWOOD BOX
MAPLE PLYWOOD BOX-W3021,$327.87,box,W3021,MAPLE PLYWOOD BOX
MAPLE PLYWOOD BOX-W302124,$529.35,box,W302124,MAPLE PLYWOOD BOX
MAPLE PLYWOOD BOX-W3024,$407.22,box,W3024,MAPLE PLYWOOD BOX
MAPLE PLYWOOD BOX-W302424,$678.85,box,W302424,MAPLE PLYWOOD BOX
MAPLE PLYWOOD BOX-W3030,$504.28,box,W3030,MAPLE PLYWOOD BOX
MAPLE PLYWOOD BOX-W3036,$555.34,box,W3036,MAPLE PLYWOOD BOX
MAPLE PLYWOOD BOX-W3042,$670.57,box,W3042,MAPLE PLYWOOD BOX
MAPLE PLYWOOD BOX-W3330,$538.09,box,W3330,MAPLE PLYWOOD BOX
MAPLE PLYWOOD BOX-W3336,$591.68,box,W3336,MAPLE PLYWOOD BOX
MAPLE PLYWOOD BOX-W3342,$713.92,box,W3342,MAPLE PLYWOOD BOX
MAPLE PLYWOOD BOX-W3612,$312.80,box,W3612,MAPLE PLYWOOD BOX
MAPLE PLYWOOD BOX-W361224,$502.09,box,W361224,MAPLE PLYWOOD BOX
MAPLE PLYWOOD BOX-W3615,$331.09,box,W3615,MAPLE PLYWOOD BOX
MAPLE PLYWOOD BOX-W361524,$532.68,box,W361524,MAPLE PLYWOOD BOX
MAPLE PLYWOOD BOX-W3618,$349.37,box,W3618,MAPLE PLYWOOD BOX
MAPLE PLYWOOD BOX-W361824,$563.27,box,W361824,MAPLE PLYWOOD BOX
MAPLE PLYWOOD BOX-W3621,$367.77,box,W3621,MAPLE PLYWOOD BOX
MAPLE PLYWOOD BOX-W362124,$593.75,box,W362124,MAPLE PLYWOOD BOX
MAPLE PLYWOOD BOX-W3624,$460.69,box,W3624,MAPLE PLYWOOD BOX
MAPLE PLYWOOD BOX-W362424,$769.12,box,W362424,MAPLE PLYWOOD BOX
MAPLE PLYWOOD BOX-W3630,$572.13,box,W3630,MAPLE PLYWOOD BOX
MAPLE PLYWOOD BOX-W3636,$628.02,box,W3636,MAPLE PLYWOOD BOX
MAPLE PLYWOOD BOX-W3642,$757.51,box,W3642,MAPLE PLYWOOD BOX
MAPLE PLYWOOD BOX-WBC2730,$472.31,box,WBC2730,MAPLE PLYWOOD BOX
MAPLE PLYWOOD BOX-WBC2736,$523.37,box,WBC2736,MAPLE PLYWOOD BOX
MAPLE PLYWOOD BOX-WBC2742,$615.02,box,WBC2742,MAPLE PLYWOOD BOX
MAPLE PLYWOOD BOX-WBC3030,$0.00,box,WBC3030,MAPLE PLYWOOD BOX
MAPLE PLYWOOD BOX-WBC3036,$0.00,box,WBC3036,MAPLE PLYWOOD BOX
MAPLE PLYWOOD BOX-WBC3042,$0.00,box,WBC3042,MAPLE PLYWOOD BOX
MAPLE PLYWOOD BOX-WBC3630,$574.31,box,WBC3630,MAPLE PLYWOOD BOX
MAPLE PLYWOOD BOX-WBC3636,$632.27,box,WBC3636,MAPLE PLYWOOD BOX
MAPLE PLYWOOD BOX-WBC3642,$745.66,box,WBC3642,MAPLE PLYWOOD BOX
MAPLE PLYWOOD BOX-WBF2430,"$2,046.77",box,WBF2430,MAPLE PLYWOOD BOX
MAPLE PLYWOOD BOX-WBF2730,"$2,073.91",box,WBF2730,MAPLE PLYWOOD BOX
MAPLE PLYWOOD BOX-WBF3030,"$2,100.94",box,WBF3030,MAPLE PLYWOOD BOX
MAPLE PLYWOOD BOX-WBF3630,"$2,155.22",box,WBF3630,MAPLE PLYWOOD BOX
MAPLE PLYWOOD BOX-WBF3630,"$2,155.22",box,WBF3630,MAPLE PLYWOOD BOX
MAPLE PLYWOOD BOX-WDC2430,$767.51,box,WDC2430,MAPLE PLYWOOD BOX
MAPLE PLYWOOD BOX-WDC2436,$839.96,box,WDC2436,MAPLE PLYWOOD BOX
MAPLE PLYWOOD BOX-WDC2442,"$1,020.97",box,WDC2442,MAPLE PLYWOOD BOX
MAPLE PLYWOOD BOX-WDC2730,$902.98,box,WDC2730,MAPLE PLYWOOD BOX
MAPLE PLYWOOD BOX-WDC2736,$981.18,box,WDC2736,MAPLE PLYWOOD BOX
MAPLE PLYWOOD BOX-WDC2742,"$1,194.51",box,WDC2742,MAPLE PLYWOOD BOX
MAPLE PLYWOOD BOX-WER2430,$803.28,box,WER2430,MAPLE PLYWOOD BOX
MAPLE PLYWOOD BOX-WER2436,$875.50,box,WER2436,MAPLE PLYWOOD BOX
MAPLE PLYWOOD BOX-WER2442,"$1,074.33",box,WER2442,MAPLE PLYWOOD BOX
MAPLE PLYWOOD BOX-WSL3012,$556.49,box,WSL3012,MAPLE PLYWOOD BOX
MAPLE PLYWOOD BOX-WSL3015,$601.45,box,WSL3015,MAPLE PLYWOOD BOX
MAPLE PLYWOOD BOX-WSL3018,$662.86,box,WSL3018,MAPLE PLYWOOD BOX
MAPLE PLYWOOD BOX-WSL3021,$680.57,box,WSL3021,MAPLE PLYWOOD BOX
MAPLE PLYWOOD BOX-WSL3612,$594.44,box,WSL3612,MAPLE PLYWOOD BOX
MAPLE PLYWOOD BOX-WSL3615,$663.32,box,WSL3615,MAPLE PLYWOOD BOX
MAPLE PLYWOOD BOX-WSL3618,$702.19,box,WSL3618,MAPLE PLYWOOD BOX
MAPLE PLYWOOD BOX-WSL3621,$752.33,box,WSL3621,MAPLE PLYWOOD BOX
PB BOX -2DB24,$854.50,box,2DB24,PB BOX 
PB BOX -2DB27,$901.78,box,2DB27,PB BOX 
PB BOX -2DB30,$957.90,box,2DB30,PB BOX 
PB BOX -2DB36,"$1,052.57",box,2DB36,PB BOX 
PB BOX -3DB12,$796.35,box,3DB12,PB BOX 
PB BOX -3DB15,$852.38,box,3DB15,PB BOX 
PB BOX -3DB18,$908.32,box,3DB18,PB BOX 
PB BOX -3DB21,$964.25,box,3DB21,PB BOX 
PB BOX -3DB24,"$1,020.28",box,3DB24,PB BOX 
PB BOX -3DB27,"$1,076.12",box,3DB27,PB BOX 
PB BOX -3DB30,"$1,145.40",box,3DB30,PB BOX 
PB BOX -3DB36,"$1,257.27",box,3DB36,PB BOX 
PB BOX -B09FD,$341.32,box,B09FD,PB BOX 
PB BOX -B12,$503.33,box,B12,PB BOX 
PB BOX -B12FD,$503.33,box,B12FD,PB BOX 
PB BOX -B15,$544.00,box,B15,PB BOX 
PB BOX -B15FD,$544.00,box,B15FD,PB BOX 
PB BOX -B18,$584.66,box,B18,PB BOX 
PB BOX -B18FD,$584.66,box,B18FD,PB BOX 
PB BOX -B21,$625.32,box,B21,PB BOX 
PB BOX -B21FD,$625.32,box,B21FD,PB BOX 
PB BOX -B24,$680.52,box,B24,PB BOX 
PB BOX -B24FD,$680.52,box,B24FD,PB BOX 
PB BOX -B27,$721.10,box,B27,PB BOX 
PB BOX -B27FD,$721.10,box,B27FD,PB BOX 
PB BOX -B30,$766.27,box,B30,PB BOX 
PB BOX -B30FD,$766.27,box,B30FD,PB BOX 
PB BOX -B33,$806.84,box,B33,PB BOX 
PB BOX -B33FD,$806.84,box,B33FD,PB BOX 
PB BOX -B36,$847.41,box,B36,PB BOX 
PB BOX -B36FD,$847.41,box,B36FD,PB BOX 
PB BOX -BBC36-42FD,$621.18,box,BBC36-42FD,PB BOX 
PB BOX -BBC42-45FD,$682.64,box,BBC42-45FD,PB BOX 
PB BOX -BLS33,"$1,404.47",box,BLS33,PB BOX 
PB BOX -BLS36,"$1,522.78",box,BLS36,PB BOX 
PB BOX -BSR06,$568.74,box,BSR06,PB BOX 
PB BOX -BSR09,$591.19,box,BSR09,PB BOX 
PB BOX -BSR12,$613.55,box,BSR12,PB BOX 
PB BOX -BTC18,$944.38,box,BTC18,PB BOX 
PB BOX -FSB36,$503.98,box,FSB36,PB BOX 
PB BOX -FVDB12,$0.00,box,FVDB12,PB BOX 
PB BOX -FVDB15,$0.00,box,FVDB15,PB BOX 
PB BOX -FVDB18,$0.00,box,FVDB18,PB BOX 
PB BOX -FVDB21,$0.00,box,FVDB21,PB BOX 
PB BOX -FVDB24,$0.00,box,FVDB24,PB BOX 
PB BOX -FVDB30,$0.00,box,FVDB30,PB BOX 
PB BOX -FVDB36,$0.00,box,FVDB36,PB BOX 
PB BOX -FVSB24,$0.00,box,FVSB24,PB BOX 
PB BOX -FVSB30,$0.00,box,FVSB30,PB BOX 
PB BOX -FVSB36,$0.00,box,FVSB36,PB BOX 
PB BOX -MB30,$0.00,box,MB30,PB BOX 
PB BOX -MOC3084,"$1,635.85",box,MOC3084,PB BOX 
PB BOX -MOC3090,"$1,683.69",box,MOC3090,PB BOX 
PB BOX -MOC3096,"$1,731.44",box,MOC3096,PB BOX 
PB BOX -PC1584,$971.06,box,PC1584,PB BOX 
PB BOX -PC1590,"$1,016.05",box,PC1590,PB BOX 
PB BOX -PC1596,"$1,061.13",box,PC1596,PB BOX 
PB BOX -PC1884,"$1,045.67",box,PC1884,PB BOX 
PB BOX -PC1890,"$1,091.40",box,PC1890,PB BOX 
PB BOX -PC1896,"$1,137.03",box,PC1896,PB BOX 
PB BOX -PC2484,"$1,231.51",box,PC2484,PB BOX 
PB BOX -PC2490,"$1,278.25",box,PC2490,PB BOX 
PB BOX -PC2496,"$1,324.89",box,PC2496,PB BOX 
PB BOX -PC3084,"$1,381.01",box,PC3084,PB BOX 
PB BOX -PC3090,"$1,428.85",box,PC3090,PB BOX 
PB BOX -PC3096,"$1,476.69",box,PC3096,PB BOX 
PB BOX -ROT15,$150.19,box,ROT15,PB BOX 
PB BOX -ROT18,$161.00,box,ROT18,PB BOX 
PB BOX -ROT21,$171.70,box,ROT21,PB BOX 
PB BOX -ROT24,$182.62,box,ROT24,PB BOX 
PB BOX -ROT27,$193.32,box,ROT27,PB BOX 
PB BOX -ROT30,$209.76,box,ROT30,PB BOX 
PB BOX -ROT33,$220.57,box,ROT33,PB BOX 
PB BOX -ROT36,$231.27,box,ROT36,PB BOX 
PB BOX -SB30,$464.14,box,SB30,PB BOX 
PB BOX -SB33,$484.10,box,SB33,PB BOX 
PB BOX -SB36,$503.98,box,SB36,PB BOX 
PB BOX -SB42,$543.90,box,SB42,PB BOX 
PB BOX -VDB12-3,$743.54,box,VDB12-3,PB BOX 
PB BOX -VDB15-3,$796.72,box,VDB15-3,PB BOX 
PB BOX -VDB18-3,$849.80,box,VDB18-3,PB BOX 
PB BOX -VDB21-3,$902.89,box,VDB21-3,PB BOX 
PB BOX -VDK24,$365.60,box,VDK24,PB BOX 
PB BOX -VDK30,$330.40,box,VDK30,PB BOX 
PB BOX -VSB24,$383.64,box,VSB24,PB BOX 
PB BOX -VSB27,$402.22,box,VSB27,PB BOX 
PB BOX -VSB30,$420.81,box,VSB30,PB BOX 
PB BOX -VSB36,$457.98,box,VSB36,PB BOX 
PB BOX -W0930,$198.63,box,W0930,PB BOX 
PB BOX -W0936,$226.41,box,W0936,PB BOX 
PB BOX -W0942,$271.12,box,W0942,PB BOX 
PB BOX -W1230,$225.77,box,W1230,PB BOX 
PB BOX -W1236,$255.48,box,W1236,PB BOX 
PB BOX -W1242,$305.99,box,W1242,PB BOX 
PB BOX -W1530,$252.91,box,W1530,PB BOX 
PB BOX -W1536,$284.56,box,W1536,PB BOX 
PB BOX -W1542,$340.77,box,W1542,PB BOX 
PB BOX -W1830,$280.14,box,W1830,PB BOX 
PB BOX -W1836,$313.54,box,W1836,PB BOX 
PB BOX -W1842,$375.45,box,W1842,PB BOX 
PB BOX -W2130,$307.28,box,W2130,PB BOX 
PB BOX -W2136,$342.70,box,W2136,PB BOX 
PB BOX -W2142,$410.32,box,W2142,PB BOX 
PB BOX -W2430,$348.96,box,W2430,PB BOX 
PB BOX -W2436,$386.22,box,W2436,PB BOX 
PB BOX -W2442,$466.81,box,W2442,PB BOX 
PB BOX -W2730,$376.19,box,W2730,PB BOX 
PB BOX -W2736,$415.20,box,W2736,PB BOX 
PB BOX -W2742,$501.58,box,W2742,PB BOX 
PB BOX -W3012,$219.88,box,W3012,PB BOX 
PB BOX -W301224,$351.81,box,W301224,PB BOX 
PB BOX -W3015,$233.86,box,W3015,PB BOX 
PB BOX -W301524,$375.73,box,W301524,PB BOX 
PB BOX -W3018,$248.12,box,W3018,PB BOX 
PB BOX -W301824,$399.65,box,W301824,PB BOX 
PB BOX -W3021,$262.29,box,W3021,PB BOX 
PB BOX -W302124,$423.48,box,W302124,PB BOX 
PB BOX -W3024,$325.77,box,W3024,PB BOX 
PB BOX -W302424,$543.08,box,W302424,PB BOX 
PB BOX -W3030,$403.42,box,W3030,PB BOX 
PB BOX -W3036,$444.27,box,W3036,PB BOX 
PB BOX -W3042,$536.45,box,W3042,PB BOX 
PB BOX -W3330,$430.47,box,W3330,PB BOX 
PB BOX -W3336,$473.34,box,W3336,PB BOX 
PB BOX -W3342,$571.14,box,W3342,PB BOX 
PB BOX -W3612,$250.24,box,W3612,PB BOX 
PB BOX -W361224,$401.67,box,W361224,PB BOX 
PB BOX -W3615,$264.87,box,W3615,PB BOX 
PB BOX -W361524,$426.14,box,W361524,PB BOX 
PB BOX -W3618,$279.50,box,W3618,PB BOX 
PB BOX -W361824,$450.62,box,W361824,PB BOX 
PB BOX -W3621,$294.22,box,W3621,PB BOX 
PB BOX -W362124,$475.00,box,W362124,PB BOX 
PB BOX -W3624,$368.55,box,W3624,PB BOX 
PB BOX -W362424,$615.30,box,W362424,PB BOX 
PB BOX -W3630,$457.70,box,W3630,PB BOX 
PB BOX -W3636,$502.41,box,W3636,PB BOX 
PB BOX -W3642,$606.00,box,W3642,PB BOX 
PB BOX -WBC2730,$377.84,box,WBC2730,PB BOX 
PB BOX -WBC2736,$418.69,box,WBC2736,PB BOX 
PB BOX -WBC2742,$492.02,box,WBC2742,PB BOX 
PB BOX -WBC3030,$0.00,box,WBC3030,PB BOX 
PB BOX -WBC3036,$0.00,box,WBC3036,PB BOX 
PB BOX -WBC3042,$0.00,box,WBC3042,PB BOX 
PB BOX -WBC3630,$459.45,box,WBC3630,PB BOX 
PB BOX -WBC3636,$505.82,box,WBC3636,PB BOX 
PB BOX -WBC3642,$596.53,box,WBC3642,PB BOX 
PB BOX -WBF2430,"$1,637.42",box,WBF2430,PB BOX 
PB BOX -WBF2730,"$1,659.13",box,WBF2730,PB BOX 
PB BOX -WBF3030,"$1,680.75",box,WBF3030,PB BOX 
PB BOX -WBF3630,"$1,724.17",box,WBF3630,PB BOX 
PB BOX -WBF3630,"$1,724.17",box,WBF3630,PB BOX 
PB BOX -WDC2430,$614.01,box,WDC2430,PB BOX 
PB BOX -WDC2436,$671.97,box,WDC2436,PB BOX 
PB BOX -WDC2442,$816.78,box,WDC2442,PB BOX 
PB BOX -WDC2730,$722.38,box,WDC2730,PB BOX 
PB BOX -WDC2736,$784.94,box,WDC2736,PB BOX 
PB BOX -WDC2742,$955.60,box,WDC2742,PB BOX 
PB BOX -WER2430,$642.62,box,WER2430,PB BOX 
PB BOX -WER2436,$700.40,box,WER2436,PB BOX 
PB BOX -WER2442,$859.46,box,WER2442,PB BOX 
PB BOX -WSL3012,$445.19,box,WSL3012,PB BOX 
PB BOX -WSL3015,$481.16,box,WSL3015,PB BOX 
PB BOX -WSL3018,$530.29,box,WSL3018,PB BOX 
PB BOX -WSL3021,$544.46,box,WSL3021,PB BOX 
PB BOX -WSL3612,$475.55,box,WSL3612,PB BOX 
PB BOX -WSL3615,$530.66,box,WSL3615,PB BOX 
PB BOX -WSL3618,$561.75,box,WSL3618,PB BOX 
PB BOX -WSL3621,$601.86,box,WSL3621,PB BOX 
PRM-2DB24,$237.82,door,2DB24,PRM
PRM-2DB27,$267.72,door,2DB27,PRM
PRM-2DB30,$297.62,door,2DB30,PRM
PRM-2DB36,$357.31,door,2DB36,PRM
PRM-3DB12,$117.88,door,3DB12,PRM
PRM-3DB15,$147.66,door,3DB15,PRM
PRM-3DB18,$177.33,door,3DB18,PRM
PRM-3DB21,$207.12,door,3DB21,PRM
PRM-3DB24,$236.90,door,3DB24,PRM
PRM-3DB27,$266.69,door,3DB27,PRM
PRM-3DB30,$296.36,door,3DB30,PRM
PRM-3DB36,$355.93,door,3DB36,PRM
PRM-B09FD,$88.78,door,B09FD,PRM
PRM-B12,$118.34,door,B12,PRM
PRM-B12FD,$118.34,door,B12FD,PRM
PRM-B15,$148.24,door,B15,PRM
PRM-B15FD,$148.24,door,B15FD,PRM
PRM-B18,$178.02,door,B18,PRM
PRM-B18FD,$178.02,door,B18FD,PRM
PRM-B21,$207.92,door,B21,PRM
PRM-B21FD,$207.92,door,B21FD,PRM
PRM-B24,$236.90,door,B24,PRM
PRM-B24FD,$236.90,door,B24FD,PRM
PRM-B27,$266.80,door,B27,PRM
PRM-B27FD,$266.80,door,B27FD,PRM
PRM-B30,$296.59,door,B30,PRM
PRM-B30FD,$296.59,door,B30FD,PRM
PRM-B33,$326.49,door,B33,PRM
PRM-B33FD,$326.49,door,B33FD,PRM
PRM-B36,$356.39,door,B36,PRM
PRM-B36FD,$356.39,door,B36FD,PRM
PRM-BBC36-42FD,$208.61,door,BBC36-42FD,PRM
PRM-BBC42-45FD,$238.51,door,BBC42-45FD,PRM
PRM-BEP24,$285.55,door,BEP24,PRM
PRM-BEP26,$297.16,door,BEP26,PRM
PRM-BLS33,$162.27,door,BLS33,PRM
PRM-BLS36,$222.07,door,BLS36,PRM
PRM-BSR06,$58.77,door,BSR06,PRM
PRM-BSR09,$88.78,door,BSR09,PRM
PRM-BSR12,$0,door,BSR12,PRM
PRM-BTC18,$178.02,door,BTC18,PRM
PRM-DWR3,$311.54,door,DWR3,PRM
PRM-Edgebanding,$4.60,door,Edgebanding,PRM
PRM-FSB36,$356.39,door,FSB36,PRM
PRM-FVDB12,$0,door,FVDB12,PRM
PRM-FVDB15,$0,door,FVDB15,PRM
PRM-FVDB18,$0,door,FVDB18,PRM
PRM-FVDB21,$0,door,FVDB21,PRM
PRM-FVDB24,$0,door,FVDB24,PRM
PRM-FVDB30,$0,door,FVDB30,PRM
PRM-FVDB36,$0,door,FVDB36,PRM
PRM-FVSB24,$0,door,FVSB24,PRM
PRM-FVSB30,$0,door,FVSB30,PRM
PRM-FVSB36,$0,door,FVSB36,PRM
PRM-IP9648,$626.64,door,IP9648,PRM
PRM-MB30,$297.97,door,MB30,PRM
PRM-MOC3084,$503.01,door,MOC3084,PRM
PRM-MOC3090,$532.80,door,MOC3090,PRM
PRM-MOC3096,$562.58,door,MOC3096,PRM
PRM-OCM8,$57.62,door,OCM8,PRM
PRM-PC1584,$394.57,door,PC1584,PRM
PRM-PC1590,$424.47,door,PC1590,PRM
PRM-PC1596,$454.25,door,PC1596,PRM
PRM-PC1884,$474.15,door,PC1884,PRM
PRM-PC1890,$510.03,door,PC1890,PRM
PRM-PC1896,$545.91,door,PC1896,PRM
PRM-PC2484,$630.09,door,PC2484,PRM
PRM-PC2490,$677.70,door,PC2490,PRM
PRM-PC2496,$725.42,door,PC2496,PRM
PRM-PC3084,$789.13,door,PC3084,PRM
PRM-PC3090,$848.82,door,PC3090,PRM
PRM-PC3096,$908.62,door,PC3096,PRM
PRM-REF9624,$598.35,door,REF9624,PRM
PRM-Sample Door,$48,door,Sample Door,PRM
PRM-SB30,$296.59,door,SB30,PRM
PRM-SB33,$326.49,door,SB33,PRM
PRM-SB36,$356.39,door,SB36,PRM
PRM-SB42,$416.07,door,SB42,PRM
PRM-SM8,$44.85,door,SM8,PRM
PRM-TEP9634,$770.50,door,TEP9634,PRM
PRM-TEP9636,$793.96,door,TEP9636,PRM
PRM-TF396,$125.24,door,TF396,PRM
PRM-TF696,$250.47,door,TF696,PRM
PRM-TK8,$90.97,door,TK8,PRM
PRM-VDB12-3,$117.88,door,VDB12-3,PRM
PRM-VDB15-3,$147.66,door,VDB15-3,PRM
PRM-VDB18-3,$177.33,door,VDB18-3,PRM
PRM-VDB21-3,$207.12,door,VDB21-3,PRM
PRM-VDK24,$47,door,VDK24,PRM
PRM-VDK30,$59,door,VDK30,PRM
PRM-VEP21,$250.93,door,VEP21,PRM
PRM-VSB24,$236.90,door,VSB24,PRM
PRM-VSB27,$266.80,door,VSB27,PRM
PRM-VSB30,$296.59,door,VSB30,PRM
PRM-VSB36,$356.39,door,VSB36,PRM
PRM-W0930,$88.78,door,W0930,PRM
PRM-W0936,$106.61,door,W0936,PRM
PRM-W0942,$124.43,door,W0942,PRM
PRM-W1230,$118.80,door,W1230,PRM
PRM-W1236,$142.60,door,W1236,PRM
PRM-W1242,$166.41,door,W1242,PRM
PRM-W1530,$148.70,door,W1530,PRM
PRM-W1536,$178.60,door,W1536,PRM
PRM-W1542,$208.50,door,W1542,PRM
PRM-W1830,$178.71,door,W1830,PRM
PRM-W1836,$214.59,door,W1836,PRM
PRM-W1842,$250.47,door,W1842,PRM
PRM-W2130,$208.73,door,W2130,PRM
PRM-W2136,$250.59,door,W2136,PRM
PRM-W2142,$292.45,door,W2142,PRM
PRM-W2430,$237.48,door,W2430,PRM
PRM-W2436,$285.20,door,W2436,PRM
PRM-W2442,$332.81,door,W2442,PRM
PRM-W2730,$267.49,door,W2730,PRM
PRM-W2736,$321.20,door,W2736,PRM
PRM-W2742,$374.90,door,W2742,PRM
PRM-W3012,$118.22,door,W3012,PRM
PRM-W301224,$118.22,door,W301224,PRM
PRM-W3015,$148.12,door,W3015,PRM
PRM-W301524,$148.12,door,W301524,PRM
PRM-W3018,$178.02,door,W3018,PRM
PRM-W301824,$178.02,door,W301824,PRM
PRM-W3021,$207.92,door,W3021,PRM
PRM-W302124,$207.92,door,W302124,PRM
PRM-W3024,$237.71,door,W3024,PRM
PRM-W302424,$237.71,door,W302424,PRM
PRM-W3030,$297.51,door,W3030,PRM
PRM-W3036,$357.19,door,W3036,PRM
PRM-W3042,$416.88,door,W3042,PRM
PRM-W3330,$327.41,door,W3330,PRM
PRM-W3336,$393.19,door,W3336,PRM
PRM-W3342,$458.97,door,W3342,PRM
PRM-W3612,$142.14,door,W3612,PRM
PRM-W361224,$142.14,door,W361224,PRM
PRM-W3615,$178.02,door,W3615,PRM
PRM-W361524,$178.02,door,W361524,PRM
PRM-W3618,$213.90,door,W3618,PRM
PRM-W361824,$213.90,door,W361824,PRM
PRM-W3621,$249.78,door,W3621,PRM
PRM-W362124,$249.78,door,W362124,PRM
PRM-W3624,$285.66,door,W3624,PRM
PRM-W362424,$285.66,door,W362424,PRM
PRM-W3630,$357.42,door,W3630,PRM
PRM-W3636,$429.18,door,W3636,PRM
PRM-W3642,$500.94,door,W3642,PRM
PRM-WBC2730,$118.80,door,WBC2730,PRM
PRM-WBC2736,$142.60,door,WBC2736,PRM
PRM-WBC2742,$166.41,door,WBC2742,PRM
PRM-WBC3030,$0,door,WBC3030,PRM
PRM-WBC3036,$0,door,WBC3036,PRM
PRM-WBC3042,$0,door,WBC3042,PRM
PRM-WBC3630,$208.73,door,WBC3630,PRM
PRM-WBC3636,$250.59,door,WBC3636,PRM
PRM-WBC3642,$292.45,door,WBC3642,PRM
PRM-WBF2430,$237.71,door,WBF2430,PRM
PRM-WBF2730,$267.61,door,WBF2730,PRM
PRM-WBF3030,$297.51,door,WBF3030,PRM
PRM-WBF3630,$357.19,door,WBF3630,PRM
PRM-WBF3630,$357.19,door,WBF3630,PRM
PRM-WDC2430,$145.94,door,WDC2430,PRM
PRM-WDC2436,$175.26,door,WDC2436,PRM
PRM-WDC2442,$204.59,door,WDC2442,PRM
PRM-WDC2730,$188.03,door,WDC2730,PRM
PRM-WDC2736,$225.86,door,WDC2736,PRM
PRM-WDC2742,$263.58,door,WDC2742,PRM
PRM-WEP1330,$158.01,door,WEP1330,PRM
PRM-WEP1336,$165.60,door,WEP1336,PRM
PRM-WEP1342,$207.23,door,WEP1342,PRM
PRM-WER2430,$202.98,door,WER2430,PRM
PRM-WER2436,$243.80,door,WER2436,PRM
PRM-WER2442,$284.51,door,WER2442,PRM
PRM-WF330,$39.10,door,WF330,PRM
PRM-WF336,$46.92,door,WF336,PRM
PRM-WF342,$54.74,door,WF342,PRM
PRM-WF630,$78.20,door,WF630,PRM
PRM-WF636,$93.96,door,WF636,PRM
PRM-WF642,$109.60,door,WF642,PRM
PRM-WSL3012,$118.80,door,WSL3012,PRM
PRM-WSL3015,$148.70,door,WSL3015,PRM
PRM-WSL3018,$178.71,door,WSL3018,PRM
PRM-WSL3021,$208.73,door,WSL3021,PRM
PRM-WSL3612,$142.60,door,WSL3612,PRM
PRM-WSL3615,$178.60,door,WSL3615,PRM
PRM-WSL3618,$214.59,door,WSL3618,PRM
PRM-WSL3621,$250.59,door,WSL3621,PRM
PRF-2DB24,$237.82,door,2DB24,PRF
PRF-2DB27,$267.72,door,2DB27,PRF
PRF-2DB30,$297.62,door,2DB30,PRF
PRF-2DB36,$357.31,door,2DB36,PRF
PRF-3DB12,$117.88,door,3DB12,PRF
PRF-3DB15,$147.66,door,3DB15,PRF
PRF-3DB18,$177.33,door,3DB18,PRF
PRF-3DB21,$207.12,door,3DB21,PRF
PRF-3DB24,$236.90,door,3DB24,PRF
PRF-3DB27,$266.69,door,3DB27,PRF
PRF-3DB30,$296.36,door,3DB30,PRF
PRF-3DB36,$355.93,door,3DB36,PRF
PRF-B09FD,$88.78,door,B09FD,PRF
PRF-B12,$118.34,door,B12,PRF
PRF-B12FD,$118.34,door,B12FD,PRF
PRF-B15,$148.24,door,B15,PRF
PRF-B15FD,$148.24,door,B15FD,PRF
PRF-B18,$178.02,door,B18,PRF
PRF-B18FD,$178.02,door,B18FD,PRF
PRF-B21,$207.92,door,B21,PRF
PRF-B21FD,$207.92,door,B21FD,PRF
PRF-B24,$236.90,door,B24,PRF
PRF-B24FD,$236.90,door,B24FD,PRF
PRF-B27,$266.80,door,B27,PRF
PRF-B27FD,$266.80,door,B27FD,PRF
PRF-B30,$296.59,door,B30,PRF
PRF-B30FD,$296.59,door,B30FD,PRF
PRF-B33,$326.49,door,B33,PRF
PRF-B33FD,$326.49,door,B33FD,PRF
PRF-B36,$356.39,door,B36,PRF
PRF-B36FD,$356.39,door,B36FD,PRF
PRF-BBC36-42FD,$208.61,door,BBC36-42FD,PRF
PRF-BBC42-45FD,$238.51,door,BBC42-45FD,PRF
PRF-BEP24,$285.55,door,BEP24,PRF
PRF-BEP26,$297.16,door,BEP26,PRF
PRF-BLS33,$162.27,door,BLS33,PRF
PRF-BLS36,$222.07,door,BLS36,PRF
PRF-BSR06,$58.77,door,BSR06,PRF
PRF-BSR09,$88.78,door,BSR09,PRF
PRF-BSR12,$0,door,BSR12,PRF
PRF-BTC18,$178.02,door,BTC18,PRF
PRF-DWR3,$311.54,door,DWR3,PRF
PRF-Edgebanding,$4.60,door,Edgebanding,PRF
PRF-FSB36,$356.39,door,FSB36,PRF
PRF-FVDB12,$0,door,FVDB12,PRF
PRF-FVDB15,$0,door,FVDB15,PRF
PRF-FVDB18,$0,door,FVDB18,PRF
PRF-FVDB21,$0,door,FVDB21,PRF
PRF-FVDB24,$0,door,FVDB24,PRF
PRF-FVDB30,$0,door,FVDB30,PRF
PRF-FVDB36,$0,door,FVDB36,PRF
PRF-FVSB24,$0,door,FVSB24,PRF
PRF-FVSB30,$0,door,FVSB30,PRF
PRF-FVSB36,$0,door,FVSB36,PRF
PRF-IP9648,$626.64,door,IP9648,PRF
PRF-MB30,$297.97,door,MB30,PRF
PRF-MOC3084,$503.01,door,MOC3084,PRF
PRF-MOC3090,$532.80,door,MOC3090,PRF
PRF-MOC3096,$562.58,door,MOC3096,PRF
PRF-OCM8,$57.62,door,OCM8,PRF
PRF-PC1584,$394.57,door,PC1584,PRF
PRF-PC1590,$424.47,door,PC1590,PRF
PRF-PC1596,$454.25,door,PC1596,PRF
PRF-PC1884,$474.15,door,PC1884,PRF
PRF-PC1890,$510.03,door,PC1890,PRF
PRF-PC1896,$545.91,door,PC1896,PRF
PRF-PC2484,$630.09,door,PC2484,PRF
PRF-PC2490,$677.70,door,PC2490,PRF
PRF-PC2496,$725.42,door,PC2496,PRF
PRF-PC3084,$789.13,door,PC3084,PRF
PRF-PC3090,$848.82,door,PC3090,PRF
PRF-PC3096,$908.62,door,PC3096,PRF
PRF-REF9624,$598.35,door,REF9624,PRF
PRF-Sample Door,$48,door,Sample Door,PRF
PRF-SB30,$296.59,door,SB30,PRF
PRF-SB33,$326.49,door,SB33,PRF
PRF-SB36,$356.39,door,SB36,PRF
PRF-SB42,$416.07,door,SB42,PRF
PRF-SM8,$44.85,door,SM8,PRF
PRF-TEP9634,$770.50,door,TEP9634,PRF
PRF-TEP9636,$793.96,door,TEP9636,PRF
PRF-TF396,$125.24,door,TF396,PRF
PRF-TF696,$250.47,door,TF696,PRF
PRF-TK8,$90.97,door,TK8,PRF
PRF-VDB12-3,$117.88,door,VDB12-3,PRF
PRF-VDB15-3,$147.66,door,VDB15-3,PRF
PRF-VDB18-3,$177.33,door,VDB18-3,PRF
PRF-VDB21-3,$207.12,door,VDB21-3,PRF
PRF-VDK24,$47,door,VDK24,PRF
PRF-VDK30,$59,door,VDK30,PRF
PRF-VEP21,$250.93,door,VEP21,PRF
PRF-VSB24,$236.90,door,VSB24,PRF
PRF-VSB27,$266.80,door,VSB27,PRF
PRF-VSB30,$296.59,door,VSB30,PRF
PRF-VSB36,$356.39,door,VSB36,PRF
PRF-W0930,$88.78,door,W0930,PRF
PRF-W0936,$106.61,door,W0936,PRF
PRF-W0942,$124.43,door,W0942,PRF
PRF-W1230,$118.80,door,W1230,PRF
PRF-W1236,$142.60,door,W1236,PRF
PRF-W1242,$166.41,door,W1242,PRF
PRF-W1530,$148.70,door,W1530,PRF
PRF-W1536,$178.60,door,W1536,PRF
PRF-W1542,$208.50,door,W1542,PRF
PRF-W1830,$178.71,door,W1830,PRF
PRF-W1836,$214.59,door,W1836,PRF
PRF-W1842,$250.47,door,W1842,PRF
PRF-W2130,$208.73,door,W2130,PRF
PRF-W2136,$250.59,door,W2136,PRF
PRF-W2142,$292.45,door,W2142,PRF
PRF-W2430,$237.48,door,W2430,PRF
PRF-W2436,$285.20,door,W2436,PRF
PRF-W2442,$332.81,door,W2442,PRF
PRF-W2730,$267.49,door,W2730,PRF
PRF-W2736,$321.20,door,W2736,PRF
PRF-W2742,$374.90,door,W2742,PRF
PRF-W3012,$118.22,door,W3012,PRF
PRF-W301224,$118.22,door,W301224,PRF
PRF-W3015,$148.12,door,W3015,PRF
PRF-W301524,$148.12,door,W301524,PRF
PRF-W3018,$178.02,door,W3018,PRF
PRF-W301824,$178.02,door,W301824,PRF
PRF-W3021,$207.92,door,W3021,PRF
PRF-W302124,$207.92,door,W302124,PRF
PRF-W3024,$237.71,door,W3024,PRF
PRF-W302424,$237.71,door,W302424,PRF
PRF-W3030,$297.51,door,W3030,PRF
PRF-W3036,$357.19,door,W3036,PRF
PRF-W3042,$416.88,door,W3042,PRF
PRF-W3330,$327.41,door,W3330,PRF
PRF-W3336,$393.19,door,W3336,PRF
PRF-W3342,$458.97,door,W3342,PRF
PRF-W3612,$142.14,door,W3612,PRF
PRF-W361224,$142.14,door,W361224,PRF
PRF-W3615,$178.02,door,W3615,PRF
PRF-W361524,$178.02,door,W361524,PRF
PRF-W3618,$213.90,door,W3618,PRF
PRF-W361824,$213.90,door,W361824,PRF
PRF-W3621,$249.78,door,W3621,PRF
PRF-W362124,$249.78,door,W362124,PRF
PRF-W3624,$285.66,door,W3624,PRF
PRF-W362424,$285.66,door,W362424,PRF
PRF-W3630,$357.42,door,W3630,PRF
PRF-W3636,$429.18,door,W3636,PRF
PRF-W3642,$500.94,door,W3642,PRF
PRF-WBC2730,$118.80,door,WBC2730,PRF
PRF-WBC2736,$142.60,door,WBC2736,PRF
PRF-WBC2742,$166.41,door,WBC2742,PRF
PRF-WBC3030,$0,door,WBC3030,PRF
PRF-WBC3036,$0,door,WBC3036,PRF
PRF-WBC3042,$0,door,WBC3042,PRF
PRF-WBC3630,$208.73,door,WBC3630,PRF
PRF-WBC3636,$250.59,door,WBC3636,PRF
PRF-WBC3642,$292.45,door,WBC3642,PRF
PRF-WBF2430,$237.71,door,WBF2430,PRF
PRF-WBF2730,$267.61,door,WBF2730,PRF
PRF-WBF3030,$297.51,door,WBF3030,PRF
PRF-WBF3630,$357.19,door,WBF3630,PRF
PRF-WBF3630,$357.19,door,WBF3630,PRF
PRF-WDC2430,$145.94,door,WDC2430,PRF
PRF-WDC2436,$175.26,door,WDC2436,PRF
PRF-WDC2442,$204.59,door,WDC2442,PRF
PRF-WDC2730,$188.03,door,WDC2730,PRF
PRF-WDC2736,$225.86,door,WDC2736,PRF
PRF-WDC2742,$263.58,door,WDC2742,PRF
PRF-WEP1330,$158.01,door,WEP1330,PRF
PRF-WEP1336,$165.60,door,WEP1336,PRF
PRF-WEP1342,$207.23,door,WEP1342,PRF
PRF-WER2430,$202.98,door,WER2430,PRF
PRF-WER2436,$243.80,door,WER2436,PRF
PRF-WER2442,$284.51,door,WER2442,PRF
PRF-WF330,$39.10,door,WF330,PRF
PRF-WF336,$46.92,door,WF336,PRF
PRF-WF342,$54.74,door,WF342,PRF
PRF-WF630,$78.20,door,WF630,PRF
PRF-WF636,$93.96,door,WF636,PRF
PRF-WF642,$109.60,door,WF642,PRF
PRF-WSL3012,$118.80,door,WSL3012,PRF
PRF-WSL3015,$148.70,door,WSL3015,PRF
PRF-WSL3018,$178.71,door,WSL3018,PRF
PRF-WSL3021,$208.73,door,WSL3021,PRF
PRF-WSL3612,$142.60,door,WSL3612,PRF
PRF-WSL3615,$178.60,door,WSL3615,PRF
PRF-WSL3618,$214.59,door,WSL3618,PRF
PRF-WSL3621,$250.59,door,WSL3621,PRF